id,name,address,email,mobilenum
1,Alexa Hull,"Unit 9679 Box 1676, DPO AA 95977",roymichelle@gmail.com,4867194168
2,Russell Taylor,"676 Donna Islands Suite 357, South Danaview, LA 66493",kennethgutierrez@whitehead.com,4703013209
3,Steven Montgomery,"1178 Vargas Lodge, Nunezmouth, IA 96896",tonyasummers@hotmail.com,0755366009
4,Allison Clark,"Unit 2196 Box 6561, DPO AE 59280",oconnellrebecca@yahoo.com,4993117839
5,Terri Martin,"159 Miller Harbors Suite 960, Kellytown, PA 98518",marshallmichele@rogers.com,2996241805
6,Matthew Harrington,"38587 Lori Lake Apt. 272, Huntview, ND 50176",fcole@yahoo.com,3517591499
7,Darryl Lopez,"75158 Olson Freeway, South Johnland, WY 06967",lynchtraci@newton.biz,0219906135
8,Travis Watson,"063 Gonzales Roads, Obrienside, IL 86305",wilsonkara@larson-duran.net,3587161809
9,Sherry King,"27543 Ferguson Spurs Suite 996, Shaneton, SD 88501",fowens@kirk.com,5586481750
10,Scott Hughes,"84942 Long Glen, New Keithmouth, NJ 97539",masseytami@yahoo.com,1128489524
11,Kaitlin Terry,"Unit 3935 Box 5947, DPO AA 23389",jeffrey18@hotmail.com,2280318414
12,Kara Short,"568 Anna Loop Apt. 133, Jackborough, MT 93949",walkerbruce@peterson.org,2605323032
13,Jason Mendoza,"85656 William Point Apt. 639, Gonzalezburgh, WA 07014",scowan@elliott.info,2486687713
14,Tasha Munoz MD,"93509 Melinda Path Suite 408, New Jacob, MI 10175",adampacheco@gmail.com,1640246419
15,Kristin Roberts,"382 Joshua Drives Apt. 969, Joshuashire, DE 56070",floresashley@hotmail.com,7974735584
16,Alicia Morton,"4243 Osborne Orchard, Port Martinport, IN 77187",guerrerorachel@hotmail.com,9066048040
17,Marie Preston,"0047 Schwartz Lodge, Port Dustin, MA 18346",camachoaaron@hotmail.com,8735839537
18,Lauren Wells,"425 Hart Street, Davisview, CO 26312",robertlambert@hotmail.com,4496326349
19,Sandra Lucas,"59603 Rebecca Mountain, West Robertmouth, NV 00866",scott51@dean.com,4742074523
20,Michael Carter,"8682 Santiago Trace, North Matthew, NC 47974",harrisvanessa@massey.net,8433843615
21,Daniel Liu,"7334 Jonathon Via, Johnsonmouth, ND 91844",heather37@hotmail.com,6924934736
22,Sarah Bailey,"4510 Hill Rapids, West Stephanieshire, NY 25388",taylorapril@yahoo.com,3146827533
23,Andrew Mccarty,"1897 Wong Courts, Johnsonstad, PA 81838",nicholastate@lynch.com,7778279245
24,Vanessa Kelly,"91409 Chris Court, Parksville, LA 49520",lewisnicholas@horton.biz,1767325681
25,Brian Bailey DDS,"PSC 4284, Box 7268, APO AP 74914",marcusthomas@hotmail.com,9114574850
26,Louis Edwards,"5283 Foster Fields Apt. 122, Catherineport, WA 84551",doughertyjeffrey@hotmail.com,1932490038
27,Bernard Todd,"PSC 9968, Box 9006, APO AE 12290",landrysherry@petty.net,8456118936
28,Mary Sanchez,"588 Pearson Points Suite 206, New Tabitha, AR 69391",candicevazquez@hotmail.com,6267757439
29,Sherry Nash,"4713 Chapman Fords Apt. 010, East Maryfort, KS 83511",griffinbrandon@gmail.com,4232145080
30,Sean Allen,"601 William Courts Suite 251, New William, MA 18749",vsmith@west.com,4972413166
31,Heather Brady,"69558 Lewis Fields, New Kellyton, CA 07132",gregory86@hotmail.com,7423418366
32,Jeffrey Wilson,"657 Koch Locks Suite 536, Daisymouth, UT 76791",jlewis@gross.com,7068623832
33,Virginia Weeks,"Unit 0259 Box 9474, DPO AE 95930",xwalters@hotmail.com,3329795462
34,Mary Powell,"PSC 5906, Box 8958, APO AP 27290",garciaandrea@gmail.com,6745589674
35,Shannon Woods,"38309 Beasley Crest, New Angelicaberg, TN 16192",kblake@yahoo.com,5584171857
36,Angela Ramirez,"29585 Johnson Squares, Knoxtown, OH 70951",samuel90@bennett.com,6138825761
37,Christine Smith,"6259 Bernard Ville Suite 629, Johnsontown, PA 65710",bill53@hotmail.com,0422130198
38,Brian Clarke,"11753 Brett Burgs Suite 644, South Juan, TN 19909",andrewhouston@miller-williams.com,6139930023
39,Regina Carlson,"99550 Mary Motorway, Mullenfort, KS 44723",ylutz@gmail.com,5823853507
40,Lindsey Pitts,"547 Mckinney Expressway Apt. 441, West Toddton, NJ 57260",david52@yahoo.com,7649143870
41,Amanda Morgan,"6224 Daniel Turnpike, South Gerald, UT 56469",reynoldsrichard@lopez.com,5674745509
42,Jennifer Scott,"49266 Edward Manor, Lake Carlosview, IN 78025",thomasmario@cole.com,1139899094
43,Amanda Davis,"8262 Harris Plains, Port Mike, MA 17979",bergerdavid@alvarez.com,0008454764
44,Kimberly Hall,"Unit 2621 Box 7696, DPO AP 46490",james69@jackson-mosley.com,0572248278
45,Molly Tyler,"4043 Taylor Light Apt. 999, East Nathanton, CA 64498",hernandezjulie@gmail.com,8672575447
46,Rita Trujillo,"435 Lauren Forges Apt. 684, Michaeltown, MT 58017",matthewbeck@sharp.net,3436815530
47,Adam Gordon,"17404 Carter Glens, Barryshire, TX 46912",lynn44@yahoo.com,4898980186
48,Jason Schmidt,"341 Megan Road Suite 739, South Brittany, NC 03734",sanchezbrandon@gmail.com,7873166517
49,Pamela Hill,"7028 Duran Lakes, West Richard, VT 70597",adamsveronica@carter-santos.com,5471528985
50,Stephanie Hunt,"243 Bridget Brook, Leslieview, IL 38996",alvaradoconnor@yahoo.com,9370005861
